{"eta": 10.0, "M_0": 8, "M_1": 5, "batch_size": 10356704, "var_MLMC": 0.004069639529287905, "bias_MLMC": 5.2143550172201126e-08, "var_MLMC_log": 0.003811325766988383, "bias_MLMC_log": 2.3489194609571193e-05}
{"eta": 21.544346900318832, "M_0": 18, "M_1": 9, "batch_size": 4986561, "var_MLMC": 0.002190756854460052, "bias_MLMC": 1.1066975516510392e-08, "var_MLMC_log": 0.0016308092923132623, "bias_MLMC_log": 3.0273717331331526e-06}
{"eta": 46.41588833612777, "M_0": 38, "M_1": 19, "batch_size": 2362055, "var_MLMC": 0.0010282513938961809, "bias_MLMC": 1.8726708553971243e-08, "var_MLMC_log": 0.0007374998724630138, "bias_MLMC_log": 7.20022812128387e-07}
{"eta": 100.0, "M_0": 80, "M_1": 41, "batch_size": 1112703, "var_MLMC": 0.00048486238219842376, "bias_MLMC": 8.857429350230848e-09, "var_MLMC_log": 0.0003330339285001559, "bias_MLMC_log": 1.662726563677375e-07}
{"eta": 215.44346900318823, "M_0": 172, "M_1": 87, "batch_size": 519834, "var_MLMC": 0.00022715245082039696, "bias_MLMC": 6.314521568847443e-10, "var_MLMC_log": 0.0001550635578629746, "bias_MLMC_log": 6.33787944573307e-08}
{"eta": 464.15888336127773, "M_0": 371, "M_1": 187, "batch_size": 241285, "var_MLMC": 0.00010633975744493772, "bias_MLMC": 1.5612780364116514e-09, "var_MLMC_log": 7.149764109698749e-05, "bias_MLMC_log": 2.940085073238879e-09}
{"eta": 1000.0, "M_0": 798, "M_1": 403, "batch_size": 112104, "var_MLMC": 4.902959100324751e-05, "bias_MLMC": 1.2816764978348121e-09, "var_MLMC_log": 3.2831554178486125e-05, "bias_MLMC_log": 2.770233401061077e-10}
{"eta": 2154.4346900318824, "M_0": 1718, "M_1": 867, "batch_size": 52084, "var_MLMC": 2.2813914477513245e-05, "bias_MLMC": 2.708934866925932e-11, "var_MLMC_log": 1.5306403871485655e-05, "bias_MLMC_log": 4.3056221567063007e-10}
{"eta": 4641.588833612777, "M_0": 3701, "M_1": 1867, "batch_size": 24180, "var_MLMC": 1.0514574694575648e-05, "bias_MLMC": 3.893951422160966e-11, "var_MLMC_log": 7.091893991490542e-06, "bias_MLMC_log": 1.3329957856889318e-10}
{"eta": 10000.0, "M_0": 7973, "M_1": 4021, "batch_size": 11225, "var_MLMC": 4.936657646718676e-06, "bias_MLMC": 9.78654946456312e-11, "var_MLMC_log": 3.2867489436651995e-06, "bias_MLMC_log": 8.803124487009446e-11}
