{"eta": 10.0, "M_0": 8, "M_1": 5, "batch_size": 10356704, "var_MLMC": 0.004090089279999344, "bias_MLMC": 7.588679191524454e-09, "var_MLMC_log": 0.0038055552003695542, "bias_MLMC_log": 2.473692286467279e-05}
{"eta": 21.544346900318832, "M_0": 18, "M_1": 9, "batch_size": 4986561, "var_MLMC": 0.0021937588452484525, "bias_MLMC": 2.1937273040097473e-09, "var_MLMC_log": 0.001638089600857826, "bias_MLMC_log": 3.294267969884952e-06}
{"eta": 46.41588833612777, "M_0": 37, "M_1": 19, "batch_size": 2404234, "var_MLMC": 0.0010458927790656877, "bias_MLMC": 1.449345352037286e-09, "var_MLMC_log": 0.00073508936141927, "bias_MLMC_log": 7.126685124653578e-07}
{"eta": 100.0, "M_0": 80, "M_1": 41, "batch_size": 1112703, "var_MLMC": 0.00048395464464901487, "bias_MLMC": 2.465507914148318e-11, "var_MLMC_log": 0.00033207566672647756, "bias_MLMC_log": 1.4228786788533406e-07}
{"eta": 215.44346900318823, "M_0": 171, "M_1": 88, "batch_size": 519834, "var_MLMC": 0.0002258508778476369, "bias_MLMC": 1.5850741020002497e-11, "var_MLMC_log": 0.00015275329639087698, "bias_MLMC_log": 3.4029190427415705e-08}
{"eta": 464.15888336127773, "M_0": 368, "M_1": 189, "batch_size": 241718, "var_MLMC": 0.00010503551576926179, "bias_MLMC": 3.270685762058589e-10, "var_MLMC_log": 7.06908304319042e-05, "bias_MLMC_log": 5.165161105196724e-09}
{"eta": 1000.0, "M_0": 793, "M_1": 406, "batch_size": 112291, "var_MLMC": 4.880529875628566e-05, "bias_MLMC": 2.542154806701244e-11, "var_MLMC_log": 3.272219627000066e-05, "bias_MLMC_log": 1.9227512410024093e-09}
{"eta": 2154.4346900318824, "M_0": 1707, "M_1": 875, "batch_size": 52144, "var_MLMC": 2.2537089467375777e-05, "bias_MLMC": 1.369497457699012e-10, "var_MLMC_log": 1.520735564098528e-05, "bias_MLMC_log": 6.802425069240849e-10}
{"eta": 4641.588833612777, "M_0": 3678, "M_1": 1884, "batch_size": 24206, "var_MLMC": 1.0526766948680485e-05, "bias_MLMC": 9.545339497674881e-12, "var_MLMC_log": 7.0254622754209605e-06, "bias_MLMC_log": 3.791052162594847e-11}
{"eta": 10000.0, "M_0": 7922, "M_1": 4059, "batch_size": 11237, "var_MLMC": 4.876829594469907e-06, "bias_MLMC": 4.4058631356291995e-12, "var_MLMC_log": 3.2742880894700385e-06, "bias_MLMC_log": 2.2190428484327924e-11}
