{"eta": 10.0, "M_0": 8, "M_1": 5, "batch_size": 10356704, "var_MLMC": 0.004065599376709232, "var_MLMC_log": 0.003781563491885564}
{"eta": 21.544346900318832, "M_0": 18, "M_1": 9, "batch_size": 4986561, "var_MLMC": 0.002157023490948042, "var_MLMC_log": 0.0016304962923963228}
{"eta": 46.41588833612777, "M_0": 37, "M_1": 19, "batch_size": 2404234, "var_MLMC": 0.001050872240614144, "var_MLMC_log": 0.0007321011838733883}
{"eta": 100.0, "M_0": 79, "M_1": 41, "batch_size": 1121976, "var_MLMC": 0.0004745340607469741, "var_MLMC_log": 0.0003371997393980152}
{"eta": 215.44346900318823, "M_0": 171, "M_1": 88, "batch_size": 519834, "var_MLMC": 0.00022705082768041166, "var_MLMC_log": 0.0001526567580253034}
{"eta": 464.15888336127773, "M_0": 367, "M_1": 190, "batch_size": 241718, "var_MLMC": 0.00010760277895579882, "var_MLMC_log": 6.945289020664384e-05}
{"eta": 1000.0, "M_0": 790, "M_1": 408, "batch_size": 112384, "var_MLMC": 4.753428610538423e-05, "var_MLMC_log": 3.337316831351222e-05}
{"eta": 2154.4346900318824, "M_0": 1702, "M_1": 879, "batch_size": 52164, "var_MLMC": 2.2319395225629765e-05, "var_MLMC_log": 1.493997387200677e-05}
{"eta": 4641.588833612777, "M_0": 3667, "M_1": 1892, "batch_size": 24219, "var_MLMC": 1.0400507051388988e-05, "var_MLMC_log": 7.1493604800706175e-06}
{"eta": 10000.0, "M_0": 7900, "M_1": 4076, "batch_size": 11242, "var_MLMC": 4.783168313509684e-06, "var_MLMC_log": 3.248787745955142e-06}
