{"eta": 10.0, "M_0": 8, "M_1": 5, "batch_size": 10356704, "var_MLMC": 0.004105154372888281, "bias_MLMC": 1.3543071277879649e-08, "var_MLMC_log": 0.0038050775981899386, "bias_MLMC_log": 2.4300011739159677e-05}
{"eta": 21.544346900318832, "M_0": 17, "M_1": 9, "batch_size": 5178352, "var_MLMC": 0.0022217671990604772, "bias_MLMC": 4.848728689390315e-09, "var_MLMC_log": 0.0016792145485288045, "bias_MLMC_log": 3.7713786132805477e-06}
{"eta": 46.41588833612777, "M_0": 37, "M_1": 20, "batch_size": 2362055, "var_MLMC": 0.0010006725488601307, "bias_MLMC": 2.2370158280594136e-09, "var_MLMC_log": 0.0007041123179505195, "bias_MLMC_log": 5.663077827269843e-07}
{"eta": 100.0, "M_0": 79, "M_1": 42, "batch_size": 1112703, "var_MLMC": 0.0004744320684263324, "bias_MLMC": 1.4491489952448358e-09, "var_MLMC_log": 0.000325918707368396, "bias_MLMC_log": 1.5559199777310034e-07}
{"eta": 215.44346900318823, "M_0": 170, "M_1": 89, "batch_size": 519834, "var_MLMC": 0.00022306195977949255, "bias_MLMC": 1.1955156710622167e-12, "var_MLMC_log": 0.0001512282098380388, "bias_MLMC_log": 4.037131998618596e-08}
{"eta": 464.15888336127773, "M_0": 365, "M_1": 192, "batch_size": 241718, "var_MLMC": 0.00010359443717379968, "bias_MLMC": 2.3303579466621606e-11, "var_MLMC_log": 6.980511626270826e-05, "bias_MLMC_log": 5.003597799606191e-09}
{"eta": 1000.0, "M_0": 785, "M_1": 412, "batch_size": 112478, "var_MLMC": 4.8241782336911536e-05, "bias_MLMC": 4.4673463667015913e-11, "var_MLMC_log": 3.245280225485687e-05, "bias_MLMC_log": 2.2490952991212465e-09}
{"eta": 2154.4346900318824, "M_0": 1691, "M_1": 887, "batch_size": 52225, "var_MLMC": 2.2452960134285822e-05, "bias_MLMC": 7.313571169535257e-12, "var_MLMC_log": 1.5047709999482457e-05, "bias_MLMC_log": 4.197174345961518e-10}
{"eta": 4641.588833612777, "M_0": 3642, "M_1": 1911, "batch_size": 24245, "var_MLMC": 1.0430609603902468e-05, "bias_MLMC": 7.679007525630226e-13, "var_MLMC_log": 6.987480591229341e-06, "bias_MLMC_log": 5.326129282751746e-11}
{"eta": 10000.0, "M_0": 7846, "M_1": 4116, "batch_size": 11255, "var_MLMC": 4.83090235179269e-06, "bias_MLMC": 9.311250645334478e-12, "var_MLMC_log": 3.2446665470570683e-06, "bias_MLMC_log": 1.2825379738209587e-11}
